{
  "slots": [
    { "width": 60.0, "height": 120.0, "x": -50.0, "y": -150.0 },
    { "width": 60.0, "height": 120.0, "x": 40.0,  "y": -150.0 },
    { "width": 150.0, "height": 80.0, "x": -5.0,  "y": -50.0  },
    { "width": 200.0, "height": 97.62499, "x": -8.97654, "y": 38.812496 }
  ],
  "level_name": "The Gate"
}