{
  "slots": [
    {
      "width": 54.726547,
      "height": 140.0,
      "x": -77.36327,
      "y": -140.0
    },
    {
      "width": 60.0,
      "height": 140.0,
      "x": 70.0,
      "y": -140.0
    },
    {
      "width": 160.0,
      "height": 40.0,
      "x": 0.0,
      "y": -50.0
    }
  ],
  "level_number": 3
}
