{
  "slots": [
    {
      "width": 74.17577,
      "height": 62.22264,
      "x": -59.68556,
      "y": -173.70508
    }
  ],
  "level_number": 1
}
