{
  "slots": [
    {
      "width": 48.531265,
      "height": 179.44922,
      "x": -14.726555,
      "y": -115.8652
    },
    {
      "width": 134.85158,
      "height": 39.86328,
      "x": 153.94922,
      "y": -182.50195
    }
  ],
  "level_number": 1
}
