{
  "slots": [
    {
      "width": 200.0,
      "height": 168.8828,
      "x": 33.109367,
      "y": -102.898445
    }
  ],
  "level_number": 1
}
