{
  "slots": [
    {
      "width": 41.835915,
      "height": 109.29688,
      "x": -9.105486,
      "y": -150.92188
    },
    {
      "width": 45.16797,
      "height": 139.37889,
      "x": -9.025381,
      "y": -26.615234
    }
  ],
  "level_number": 1
}
